name	alpha3Code	callingCodes	altSpellings	region	population	latlng	area	name_as_list	names
Afghanistan	AFG	['93']	['AF', 'Afġānistān']	Asia	27657145	[33.0, 65.0]	652230.0	['Afghanistan']	['afghanistan', 'af', 'afġānistān']
Åland Islands	ALA	['358']	['AX', 'Aaland', 'Aland', 'Ahvenanmaa']	Europe	28875	[60.116667, 19.9]	1580.0	['Åland Islands']	['åland islands', 'ax', 'aaland', 'aland', 'ahvenanmaa']
Albania	ALB	['355']	['AL', 'Shqipëri', 'Shqipëria', 'Shqipnia']	Europe	2886026	[41.0, 20.0]	28748.0	['Albania']	['albania', 'al', 'shqipëri', 'shqipëria', 'shqipnia']
Algeria	DZA	['213']	['DZ', 'Dzayer', 'Algérie']	Africa	40400000	[28.0, 3.0]	2381741.0	['Algeria']	['algeria', 'dz', 'dzayer', 'algérie']
American Samoa	ASM	['1684']	['AS', 'Amerika Sāmoa', 'Amelika Sāmoa', 'Sāmoa Amelika']	Oceania	57100	[-14.33333333, -170.0]	199.0	['American Samoa']	['american samoa', 'as', 'amerika sāmoa', 'amelika sāmoa', 'sāmoa amelika']
Andorra	AND	['376']	"['AD', 'Principality of Andorra', ""Principat d'Andorra""]"	Europe	78014	[42.5, 1.5]	468.0	['Andorra']	"['andorra', 'ad', 'principality of andorra', ""principat d'andorra""]"
Angola	AGO	['244']	"['AO', 'República de Angola', ""ʁɛpublika de an'ɡɔla""]"	Africa	25868000	[-12.5, 18.5]	1246700.0	['Angola']	"['angola', 'ao', 'república de angola', ""ʁɛpublika de an'ɡɔla""]"
Anguilla	AIA	['1264']	['AI']	Americas	13452	[18.25, -63.16666666]	91.0	['Anguilla']	['anguilla', 'ai']
Antarctica	ATA	['672']	[]	Polar	1000	[-74.65, 4.48]	14000000.0	['Antarctica']	['antarctica']
Antigua and Barbuda	ATG	['1268']	['AG']	Americas	86295	[17.05, -61.8]	442.0	['Antigua and Barbuda']	['antigua and barbuda', 'ag']
Argentina	ARG	['54']	['AR', 'Argentine Republic', 'República Argentina']	Americas	43590400	[-34.0, -64.0]	2780400.0	['Argentina']	['argentina', 'ar', 'argentine republic', 'república argentina']
Armenia	ARM	['374']	['AM', 'Hayastan', 'Republic of Armenia', 'Հայաստանի Հանրապետություն']	Asia	2994400	[40.0, 45.0]	29743.0	['Armenia']	['armenia', 'am', 'hayastan', 'republic of armenia', 'հայաստանի հանրապետություն']
Aruba	ABW	['297']	['AW']	Americas	107394	[12.5, -69.96666666]	180.0	['Aruba']	['aruba', 'aw']
Australia	AUS	['61']	['AU']	Oceania	24117360	[-27.0, 133.0]	7692024.0	['Australia']	['australia', 'au']
Austria	AUT	['43']	['AT', 'Österreich', 'Osterreich', 'Oesterreich']	Europe	8725931	[47.33333333, 13.33333333]	83871.0	['Austria']	['austria', 'at', 'österreich', 'osterreich', 'oesterreich']
Azerbaijan	AZE	['994']	['AZ', 'Republic of Azerbaijan', 'Azərbaycan Respublikası']	Asia	9730500	[40.5, 47.5]	86600.0	['Azerbaijan']	['azerbaijan', 'az', 'republic of azerbaijan', 'azərbaycan respublikası']
Bahamas	BHS	['1242']	['BS', 'Commonwealth of the Bahamas']	Americas	378040	[24.25, -76.0]	13943.0	['Bahamas']	['bahamas', 'bs', 'commonwealth of the bahamas']
Bahrain	BHR	['973']	['BH', 'Kingdom of Bahrain', 'Mamlakat al-Baḥrayn']	Asia	1404900	[26.0, 50.55]	765.0	['Bahrain']	['bahrain', 'bh', 'kingdom of bahrain', 'mamlakat al-baḥrayn']
Bangladesh	BGD	['880']	"['BD', ""People's Republic of Bangladesh"", 'Gônôprôjatôntri Bangladesh']"	Asia	161006790	[24.0, 90.0]	147570.0	['Bangladesh']	"['bangladesh', 'bd', ""people's republic of bangladesh"", 'gônôprôjatôntri bangladesh']"
Barbados	BRB	['1246']	['BB']	Americas	285000	[13.16666666, -59.53333333]	430.0	['Barbados']	['barbados', 'bb']
Belarus	BLR	['375']	['BY', 'Bielaruś', 'Republic of Belarus', 'Белоруссия', 'Республика Беларусь', 'Belorussiya', 'Respublika Belarus’']	Europe	9498700	[53.0, 28.0]	207600.0	['Belarus']	['belarus', 'by', 'bielaruś', 'republic of belarus', 'белоруссия', 'республика беларусь', 'belorussiya', 'respublika belarus’']
Belgium	BEL	['32']	['BE', 'België', 'Belgie', 'Belgien', 'Belgique', 'Kingdom of Belgium', 'Koninkrijk België', 'Royaume de Belgique', 'Königreich Belgien']	Europe	11319511	[50.83333333, 4.0]	30528.0	['Belgium']	['belgium', 'be', 'belgië', 'belgie', 'belgien', 'belgique', 'kingdom of belgium', 'koninkrijk belgië', 'royaume de belgique', 'königreich belgien']
Belize	BLZ	['501']	['BZ']	Americas	370300	[17.25, -88.75]	22966.0	['Belize']	['belize', 'bz']
Benin	BEN	['229']	['BJ', 'Republic of Benin', 'République du Bénin']	Africa	10653654	[9.5, 2.25]	112622.0	['Benin']	['benin', 'bj', 'republic of benin', 'république du bénin']
Bermuda	BMU	['1441']	['BM', 'The Islands of Bermuda', 'The Bermudas', 'Somers Isles']	Americas	61954	[32.33333333, -64.75]	54.0	['Bermuda']	['bermuda', 'bm', 'the islands of bermuda', 'the bermudas', 'somers isles']
Bhutan	BTN	['975']	['BT', 'Kingdom of Bhutan']	Asia	775620	[27.5, 90.5]	38394.0	['Bhutan']	['bhutan', 'bt', 'kingdom of bhutan']
Bolivia (Plurinational State of)	BOL	['591']	['BO', 'Buliwya', 'Wuliwya', 'Plurinational State of Bolivia', 'Estado Plurinacional de Bolivia', 'Buliwya Mamallaqta', 'Wuliwya Suyu', 'Tetã Volívia']	Americas	10985059	[-17.0, -65.0]	1098581.0	['Bolivia (Plurinational State of)']	['bolivia (plurinational state of)', 'bo', 'buliwya', 'wuliwya', 'plurinational state of bolivia', 'estado plurinacional de bolivia', 'buliwya mamallaqta', 'wuliwya suyu', 'tetã volívia']
Bonaire, Sint Eustatius and Saba	BES	['5997']	['BQ', 'Boneiru']	Americas	17408	[12.15, -68.266667]	294.0	['Bonaire, Sint Eustatius and Saba']	['bonaire, sint eustatius and saba', 'bq', 'boneiru']
Bosnia and Herzegovina	BIH	['387']	['BA', 'Bosnia-Herzegovina', 'Босна и Херцеговина']	Europe	3531159	[44.0, 18.0]	51209.0	['Bosnia and Herzegovina']	['bosnia and herzegovina', 'ba', 'bosnia-herzegovina', 'босна и херцеговина']
Botswana	BWA	['267']	['BW', 'Republic of Botswana', 'Lefatshe la Botswana']	Africa	2141206	[-22.0, 24.0]	582000.0	['Botswana']	['botswana', 'bw', 'republic of botswana', 'lefatshe la botswana']
Bouvet Island	BVT	['']	['BV', 'Bouvetøya', 'Bouvet-øya']		0	[-54.43333333, 3.4]	49.0	['Bouvet Island']	['bouvet island', 'bv', 'bouvetøya', 'bouvet-øya']
Brazil	BRA	['55']	['BR', 'Brasil', 'Federative Republic of Brazil', 'República Federativa do Brasil']	Americas	206135893	[-10.0, -55.0]	8515767.0	['Brazil']	['brazil', 'br', 'brasil', 'federative republic of brazil', 'república federativa do brasil']
British Indian Ocean Territory	IOT	['246']	['IO']	Africa	3000	[-6.0, 71.5]	60.0	['British Indian Ocean Territory']	['british indian ocean territory', 'io']
United States Minor Outlying Islands	UMI	['']	['UM']	Americas	300	[]		['United States Minor Outlying Islands']	['united states minor outlying islands', 'um']
Virgin Islands (British)	VGB	['1284']	['VG']	Americas	28514	[18.431383, -64.62305]	151.0	['Virgin Islands (British)']	['virgin islands (british)', 'vg']
Virgin Islands (U.S.)	VIR	['1 340']	['VI', 'USVI', 'American Virgin Islands', 'U.S. Virgin Islands']	Americas	114743	[18.34, -64.93]	346.36	['Virgin Islands (U.S.)']	['virgin islands (u.s.)', 'vi', 'usvi', 'american virgin islands', 'u.s. virgin islands']
Brunei Darussalam	BRN	['673']	['BN', 'Nation of Brunei', ' the Abode of Peace']	Asia	411900	[4.5, 114.66666666]	5765.0	['Brunei Darussalam']	['brunei darussalam', 'bn', 'nation of brunei', ' the abode of peace']
Bulgaria	BGR	['359']	['BG', 'Republic of Bulgaria', 'Република България']	Europe	7153784	[43.0, 25.0]	110879.0	['Bulgaria']	['bulgaria', 'bg', 'republic of bulgaria', 'република българия']
Burkina Faso	BFA	['226']	['BF']	Africa	19034397	[13.0, -2.0]	272967.0	['Burkina Faso']	['burkina faso', 'bf']
Burundi	BDI	['257']	"['BI', 'Republic of Burundi', ""Republika y'Uburundi"", 'République du Burundi']"	Africa	10114505	[-3.5, 30.0]	27834.0	['Burundi']	"['burundi', 'bi', 'republic of burundi', ""republika y'uburundi"", 'république du burundi']"
Cambodia	KHM	['855']	['KH', 'Kingdom of Cambodia']	Asia	15626444	[13.0, 105.0]	181035.0	['Cambodia']	['cambodia', 'kh', 'kingdom of cambodia']
Cameroon	CMR	['237']	['CM', 'Republic of Cameroon', 'République du Cameroun']	Africa	22709892	[6.0, 12.0]	475442.0	['Cameroon']	['cameroon', 'cm', 'republic of cameroon', 'république du cameroun']
Canada	CAN	['1']	['CA']	Americas	36155487	[60.0, -95.0]	9984670.0	['Canada']	['canada', 'ca']
Cabo Verde	CPV	['238']	['CV', 'Republic of Cabo Verde', 'República de Cabo Verde']	Africa	531239	[16.0, -24.0]	4033.0	['Cabo Verde']	['cabo verde', 'cv', 'republic of cabo verde', 'república de cabo verde']
Cayman Islands	CYM	['1345']	['KY']	Americas	58238	[19.5, -80.5]	264.0	['Cayman Islands']	['cayman islands', 'ky']
Central African Republic	CAF	['236']	['CF', 'Central African Republic', 'République centrafricaine']	Africa	4998000	[7.0, 21.0]	622984.0	['Central African Republic']	['central african republic', 'cf', 'central african republic', 'république centrafricaine']
Chad	TCD	['235']	['TD', 'Tchad', 'Republic of Chad', 'République du Tchad']	Africa	14497000	[15.0, 19.0]	1284000.0	['Chad']	['chad', 'td', 'tchad', 'republic of chad', 'république du tchad']
Chile	CHL	['56']	['CL', 'Republic of Chile', 'República de Chile']	Americas	18191900	[-30.0, -71.0]	756102.0	['Chile']	['chile', 'cl', 'republic of chile', 'república de chile']
China	CHN	['86']	"['CN', 'Zhōngguó', 'Zhongguo', 'Zhonghua', ""People's Republic of China"", '中华人民共和国', 'Zhōnghuá Rénmín Gònghéguó']"	Asia	1377422166	[35.0, 105.0]	9640011.0	['China']	"['china', 'cn', 'zhōngguó', 'zhongguo', 'zhonghua', ""people's republic of china"", '中华人民共和国', 'zhōnghuá rénmín gònghéguó']"
Christmas Island	CXR	['61']	['CX', 'Territory of Christmas Island']	Oceania	2072	[-10.5, 105.66666666]	135.0	['Christmas Island']	['christmas island', 'cx', 'territory of christmas island']
Cocos (Keeling) Islands	CCK	['61']	['CC', 'Territory of the Cocos (Keeling) Islands', 'Keeling Islands']	Oceania	550	[-12.5, 96.83333333]	14.0	['Cocos (Keeling) Islands']	['cocos (keeling) islands', 'cc', 'territory of the cocos (keeling) islands', 'keeling islands']
Colombia	COL	['57']	['CO', 'Republic of Colombia', 'República de Colombia']	Americas	48759958	[4.0, -72.0]	1141748.0	['Colombia']	['colombia', 'co', 'republic of colombia', 'república de colombia']
Comoros	COM	['269']	['KM', 'Union of the Comoros', 'Union des Comores', 'Udzima wa Komori', 'al-Ittiḥād al-Qumurī']	Africa	806153	[-12.16666666, 44.25]	1862.0	['Comoros']	['comoros', 'km', 'union of the comoros', 'union des comores', 'udzima wa komori', 'al-ittiḥād al-qumurī']
Congo	COG	['242']	['CG', 'Congo-Brazzaville']	Africa	4741000	[-1.0, 15.0]	342000.0	['Congo']	['congo', 'cg', 'congo-brazzaville']
Congo (Democratic Republic of the)	COD	['243']	['CD', 'DR Congo', 'Congo-Kinshasa', 'DRC']	Africa	85026000	[0.0, 25.0]	2344858.0	['Congo (Democratic Republic of the)']	['congo (democratic republic of the)', 'cd', 'dr congo', 'congo-kinshasa', 'drc']
Cook Islands	COK	['682']	"['CK', ""Kūki 'Āirani""]"	Oceania	18100	[-21.23333333, -159.76666666]	236.0	['Cook Islands']	"['cook islands', 'ck', ""kūki 'āirani""]"
Costa Rica	CRI	['506']	['CR', 'Republic of Costa Rica', 'República de Costa Rica']	Americas	4890379	[10.0, -84.0]	51100.0	['Costa Rica']	['costa rica', 'cr', 'republic of costa rica', 'república de costa rica']
Croatia	HRV	['385']	['HR', 'Hrvatska', 'Republic of Croatia', 'Republika Hrvatska']	Europe	4190669	[45.16666666, 15.5]	56594.0	['Croatia']	['croatia', 'hr', 'hrvatska', 'republic of croatia', 'republika hrvatska']
Cuba	CUB	['53']	['CU', 'Republic of Cuba', 'República de Cuba']	Americas	11239004	[21.5, -80.0]	109884.0	['Cuba']	['cuba', 'cu', 'republic of cuba', 'república de cuba']
Curaçao	CUW	['599']	['CW', 'Curacao', 'Kòrsou', 'Country of Curaçao', 'Land Curaçao', 'Pais Kòrsou']	Americas	154843	[12.116667, -68.933333]	444.0	['Curaçao']	['curaçao', 'cw', 'curacao', 'kòrsou', 'country of curaçao', 'land curaçao', 'pais kòrsou']
Cyprus	CYP	['357']	['CY', 'Kýpros', 'Kıbrıs', 'Republic of Cyprus', 'Κυπριακή Δημοκρατία', 'Kıbrıs Cumhuriyeti']	Europe	847000	[35.0, 33.0]	9251.0	['Cyprus']	['cyprus', 'cy', 'kýpros', 'kıbrıs', 'republic of cyprus', 'κυπριακή δημοκρατία', 'kıbrıs cumhuriyeti']
Czech Republic	CZE	['420']	['CZ', 'Česká republika', 'Česko']	Europe	10558524	[49.75, 15.5]	78865.0	['Czech Republic']	['czech republic', 'cz', 'česká republika', 'česko']
Denmark	DNK	['45']	['DK', 'Danmark', 'Kingdom of Denmark', 'Kongeriget Danmark']	Europe	5717014	[56.0, 10.0]	43094.0	['Denmark']	['denmark', 'dk', 'danmark', 'kingdom of denmark', 'kongeriget danmark']
Djibouti	DJI	['253']	['DJ', 'Jabuuti', 'Gabuuti', 'Republic of Djibouti', 'République de Djibouti', 'Gabuutih Ummuuno', 'Jamhuuriyadda Jabuuti']	Africa	900000	[11.5, 43.0]	23200.0	['Djibouti']	['djibouti', 'dj', 'jabuuti', 'gabuuti', 'republic of djibouti', 'république de djibouti', 'gabuutih ummuuno', 'jamhuuriyadda jabuuti']
Dominica	DMA	['1767']	['DM', 'Dominique', 'Wai‘tu kubuli', 'Commonwealth of Dominica']	Americas	71293	[15.41666666, -61.33333333]	751.0	['Dominica']	['dominica', 'dm', 'dominique', 'wai‘tu kubuli', 'commonwealth of dominica']
Dominican Republic	DOM	['1809', '1829', '1849']	['DO']	Americas	10075045	[19.0, -70.66666666]	48671.0	['Dominican Republic']	['dominican republic', 'do']
Ecuador	ECU	['593']	['EC', 'Republic of Ecuador', 'República del Ecuador']	Americas	16545799	[-2.0, -77.5]	276841.0	['Ecuador']	['ecuador', 'ec', 'republic of ecuador', 'república del ecuador']
Egypt	EGY	['20']	['EG', 'Arab Republic of Egypt']	Africa	91290000	[27.0, 30.0]	1002450.0	['Egypt']	['egypt', 'eg', 'arab republic of egypt']
El Salvador	SLV	['503']	['SV', 'Republic of El Salvador', 'República de El Salvador']	Americas	6520675	[13.83333333, -88.91666666]	21041.0	['El Salvador']	['el salvador', 'sv', 'republic of el salvador', 'república de el salvador']
Equatorial Guinea	GNQ	['240']	['GQ', 'Republic of Equatorial Guinea', 'República de Guinea Ecuatorial', 'République de Guinée équatoriale', 'República da Guiné Equatorial']	Africa	1222442	[2.0, 10.0]	28051.0	['Equatorial Guinea']	['equatorial guinea', 'gq', 'republic of equatorial guinea', 'república de guinea ecuatorial', 'république de guinée équatoriale', 'república da guiné equatorial']
Eritrea	ERI	['291']	['ER', 'State of Eritrea', 'ሃገረ ኤርትራ', 'Dawlat Iritriyá', 'ʾErtrā', 'Iritriyā', '']	Africa	5352000	[15.0, 39.0]	117600.0	['Eritrea']	['eritrea', 'er', 'state of eritrea', 'ሃገረ ኤርትራ', 'dawlat iritriyá', 'ʾertrā', 'iritriyā', '']
Estonia	EST	['372']	['EE', 'Eesti', 'Republic of Estonia', 'Eesti Vabariik']	Europe	1315944	[59.0, 26.0]	45227.0	['Estonia']	['estonia', 'ee', 'eesti', 'republic of estonia', 'eesti vabariik']
Ethiopia	ETH	['251']	['ET', 'ʾĪtyōṗṗyā', 'Federal Democratic Republic of Ethiopia', 'የኢትዮጵያ ፌዴራላዊ ዲሞክራሲያዊ ሪፐብሊክ']	Africa	92206005	[8.0, 38.0]	1104300.0	['Ethiopia']	['ethiopia', 'et', 'ʾītyōṗṗyā', 'federal democratic republic of ethiopia', 'የኢትዮጵያ ፌዴራላዊ ዲሞክራሲያዊ ሪፐብሊክ']
Falkland Islands (Malvinas)	FLK	['500']	['FK', 'Islas Malvinas']	Americas	2563	[-51.75, -59.0]	12173.0	['Falkland Islands (Malvinas)']	['falkland islands (malvinas)', 'fk', 'islas malvinas']
Faroe Islands	FRO	['298']	['FO', 'Føroyar', 'Færøerne']	Europe	49376	[62.0, -7.0]	1393.0	['Faroe Islands']	['faroe islands', 'fo', 'føroyar', 'færøerne']
Fiji	FJI	['679']	['FJ', 'Viti', 'Republic of Fiji', 'Matanitu ko Viti', 'Fijī Gaṇarājya']	Oceania	867000	[-18.0, 175.0]	18272.0	['Fiji']	['fiji', 'fj', 'viti', 'republic of fiji', 'matanitu ko viti', 'fijī gaṇarājya']
Finland	FIN	['358']	['FI', 'Suomi', 'Republic of Finland', 'Suomen tasavalta', 'Republiken Finland']	Europe	5491817	[64.0, 26.0]	338424.0	['Finland']	['finland', 'fi', 'suomi', 'republic of finland', 'suomen tasavalta', 'republiken finland']
France	FRA	['33']	['FR', 'French Republic', 'République française']	Europe	66710000	[46.0, 2.0]	640679.0	['France']	['france', 'fr', 'french republic', 'république française']
French Guiana	GUF	['594']	['GF', 'Guiana', 'Guyane']	Americas	254541	[4.0, -53.0]		['French Guiana']	['french guiana', 'gf', 'guiana', 'guyane']
French Polynesia	PYF	['689']	['PF', 'Polynésie française', 'French Polynesia', 'Pōrīnetia Farāni']	Oceania	271800	[-15.0, -140.0]	4167.0	['French Polynesia']	['french polynesia', 'pf', 'polynésie française', 'french polynesia', 'pōrīnetia farāni']
French Southern Territories	ATF	['']	['TF']	Africa	140	[-49.25, 69.167]	7747.0	['French Southern Territories']	['french southern territories', 'tf']
Gabon	GAB	['241']	['GA', 'Gabonese Republic', 'République Gabonaise']	Africa	1802278	[-1.0, 11.75]	267668.0	['Gabon']	['gabon', 'ga', 'gabonese republic', 'république gabonaise']
Gambia	GMB	['220']	['GM', 'Republic of the Gambia']	Africa	1882450	[13.46666666, -16.56666666]	11295.0	['Gambia']	['gambia', 'gm', 'republic of the gambia']
Georgia	GEO	['995']	['GE', 'Sakartvelo']	Asia	3720400	[42.0, 43.5]	69700.0	['Georgia']	['georgia', 'ge', 'sakartvelo']
Germany	DEU	['49']	['DE', 'Federal Republic of Germany', 'Bundesrepublik Deutschland']	Europe	81770900	[51.0, 9.0]	357114.0	['Germany']	['germany', 'de', 'federal republic of germany', 'bundesrepublik deutschland']
Ghana	GHA	['233']	['GH']	Africa	27670174	[8.0, -2.0]	238533.0	['Ghana']	['ghana', 'gh']
Gibraltar	GIB	['350']	['GI']	Europe	33140	[36.13333333, -5.35]	6.0	['Gibraltar']	['gibraltar', 'gi']
Greece	GRC	['30']	['GR', 'Elláda', 'Hellenic Republic', 'Ελληνική Δημοκρατία']	Europe	10858018	[39.0, 22.0]	131990.0	['Greece']	['greece', 'gr', 'elláda', 'hellenic republic', 'ελληνική δημοκρατία']
Greenland	GRL	['299']	['GL', 'Grønland']	Americas	55847	[72.0, -40.0]	2166086.0	['Greenland']	['greenland', 'gl', 'grønland']
Grenada	GRD	['1473']	['GD']	Americas	103328	[12.11666666, -61.66666666]	344.0	['Grenada']	['grenada', 'gd']
Guadeloupe	GLP	['590']	['GP', 'Gwadloup']	Americas	400132	[16.25, -61.583333]		['Guadeloupe']	['guadeloupe', 'gp', 'gwadloup']
Guam	GUM	['1671']	['GU', 'Guåhån']	Oceania	184200	[13.46666666, 144.78333333]	549.0	['Guam']	['guam', 'gu', 'guåhån']
Guatemala	GTM	['502']	['GT']	Americas	16176133	[15.5, -90.25]	108889.0	['Guatemala']	['guatemala', 'gt']
Guernsey	GGY	['44']	['GG', 'Bailiwick of Guernsey', 'Bailliage de Guernesey']	Europe	62999	[49.46666666, -2.58333333]	78.0	['Guernsey']	['guernsey', 'gg', 'bailiwick of guernsey', 'bailliage de guernesey']
Guinea	GIN	['224']	['GN', 'Republic of Guinea', 'République de Guinée']	Africa	12947000	[11.0, -10.0]	245857.0	['Guinea']	['guinea', 'gn', 'republic of guinea', 'république de guinée']
Guinea-Bissau	GNB	['245']	['GW', 'Republic of Guinea-Bissau', 'República da Guiné-Bissau']	Africa	1547777	[12.0, -15.0]	36125.0	['Guinea-Bissau']	['guinea-bissau', 'gw', 'republic of guinea-bissau', 'república da guiné-bissau']
Guyana	GUY	['592']	['GY', 'Co-operative Republic of Guyana']	Americas	746900	[5.0, -59.0]	214969.0	['Guyana']	['guyana', 'gy', 'co-operative republic of guyana']
Haiti	HTI	['509']	"['HT', 'Republic of Haiti', ""République d'Haïti"", 'Repiblik Ayiti']"	Americas	11078033	[19.0, -72.41666666]	27750.0	['Haiti']	"['haiti', 'ht', 'republic of haiti', ""république d'haïti"", 'repiblik ayiti']"
Heard Island and McDonald Islands	HMD	['']	['HM']		0	[-53.1, 72.51666666]	412.0	['Heard Island and McDonald Islands']	['heard island and mcdonald islands', 'hm']
Holy See	VAT	['379']	['Sancta Sedes', 'Vatican', 'The Vatican']	Europe	451	[41.9, 12.45]	0.44	['Holy See']	['holy see', 'sancta sedes', 'vatican', 'the vatican']
Honduras	HND	['504']	['HN', 'Republic of Honduras', 'República de Honduras']	Americas	8576532	[15.0, -86.5]	112492.0	['Honduras']	['honduras', 'hn', 'republic of honduras', 'república de honduras']
Hong Kong	HKG	['852']	['HK', '香港']	Asia	7324300	[22.25, 114.16666666]	1104.0	['Hong Kong']	['hong kong', 'hk', '香港']
Hungary	HUN	['36']	['HU']	Europe	9823000	[47.0, 20.0]	93028.0	['Hungary']	['hungary', 'hu']
Iceland	ISL	['354']	['IS', 'Island', 'Republic of Iceland', 'Lýðveldið Ísland']	Europe	334300	[65.0, -18.0]	103000.0	['Iceland']	['iceland', 'is', 'island', 'republic of iceland', 'lýðveldið ísland']
India	IND	['91']	['IN', 'Bhārat', 'Republic of India', 'Bharat Ganrajya']	Asia	1295210000	[20.0, 77.0]	3287590.0	['India']	['india', 'in', 'bhārat', 'republic of india', 'bharat ganrajya']
Indonesia	IDN	['62']	['ID', 'Republic of Indonesia', 'Republik Indonesia']	Asia	258705000	[-5.0, 120.0]	1904569.0	['Indonesia']	['indonesia', 'id', 'republic of indonesia', 'republik indonesia']
Côte d'Ivoire	CIV	['225']	"['CI', 'Ivory Coast', ""Republic of Côte d'Ivoire"", ""République de Côte d'Ivoire""]"	Africa	22671331	[8.0, -5.0]	322463.0	"[""Côte d'Ivoire""]"	"[""côte d'ivoire"", 'ci', 'ivory coast', ""republic of côte d'ivoire"", ""république de côte d'ivoire""]"
Iran (Islamic Republic of)	IRN	['98']	['IR', 'Islamic Republic of Iran', 'Jomhuri-ye Eslāmi-ye Irān']	Asia	79369900	[32.0, 53.0]	1648195.0	['Iran (Islamic Republic of)']	['iran (islamic republic of)', 'ir', 'islamic republic of iran', 'jomhuri-ye eslāmi-ye irān']
Iraq	IRQ	['964']	['IQ', 'Republic of Iraq', 'Jumhūriyyat al-‘Irāq']	Asia	37883543	[33.0, 44.0]	438317.0	['Iraq']	['iraq', 'iq', 'republic of iraq', 'jumhūriyyat al-‘irāq']
Ireland	IRL	['353']	['IE', 'Éire', 'Republic of Ireland', 'Poblacht na hÉireann']	Europe	6378000	[53.0, -8.0]	70273.0	['Ireland']	['ireland', 'ie', 'éire', 'republic of ireland', 'poblacht na héireann']
Isle of Man	IMN	['44']	['IM', 'Ellan Vannin', 'Mann', 'Mannin']	Europe	84497	[54.25, -4.5]	572.0	['Isle of Man']	['isle of man', 'im', 'ellan vannin', 'mann', 'mannin']
Israel	ISR	['972']	"['IL', 'State of Israel', ""Medīnat Yisrā'el""]"	Asia	8527400	[31.5, 34.75]	20770.0	['Israel']	"['israel', 'il', 'state of israel', ""medīnat yisrā'el""]"
Italy	ITA	['39']	['IT', 'Italian Republic', 'Repubblica italiana']	Europe	60665551	[42.83333333, 12.83333333]	301336.0	['Italy']	['italy', 'it', 'italian republic', 'repubblica italiana']
Jamaica	JAM	['1876']	['JM']	Americas	2723246	[18.25, -77.5]	10991.0	['Jamaica']	['jamaica', 'jm']
Japan	JPN	['81']	['JP', 'Nippon', 'Nihon']	Asia	126960000	[36.0, 138.0]	377930.0	['Japan']	['japan', 'jp', 'nippon', 'nihon']
Jersey	JEY	['44']	['JE', 'Bailiwick of Jersey', 'Bailliage de Jersey', 'Bailliage dé Jèrri']	Europe	100800	[49.25, -2.16666666]	116.0	['Jersey']	['jersey', 'je', 'bailiwick of jersey', 'bailliage de jersey', 'bailliage dé jèrri']
Jordan	JOR	['962']	['JO', 'Hashemite Kingdom of Jordan', 'al-Mamlakah al-Urdunīyah al-Hāshimīyah']	Asia	9531712	[31.0, 36.0]	89342.0	['Jordan']	['jordan', 'jo', 'hashemite kingdom of jordan', 'al-mamlakah al-urdunīyah al-hāshimīyah']
Kazakhstan	KAZ	['76', '77']	['KZ', 'Qazaqstan', 'Казахстан', 'Republic of Kazakhstan', 'Қазақстан Республикасы', 'Qazaqstan Respublïkası', 'Республика Казахстан', 'Respublika Kazakhstan']	Asia	17753200	[48.0, 68.0]	2724900.0	['Kazakhstan']	['kazakhstan', 'kz', 'qazaqstan', 'казахстан', 'republic of kazakhstan', 'қазақстан республикасы', 'qazaqstan respublïkası', 'республика казахстан', 'respublika kazakhstan']
Kenya	KEN	['254']	['KE', 'Republic of Kenya', 'Jamhuri ya Kenya']	Africa	47251000	[1.0, 38.0]	580367.0	['Kenya']	['kenya', 'ke', 'republic of kenya', 'jamhuri ya kenya']
Kiribati	KIR	['686']	['KI', 'Republic of Kiribati', 'Ribaberiki Kiribati']	Oceania	113400	[1.41666666, 173.0]	811.0	['Kiribati']	['kiribati', 'ki', 'republic of kiribati', 'ribaberiki kiribati']
Kuwait	KWT	['965']	['KW', 'State of Kuwait', 'Dawlat al-Kuwait']	Asia	4183658	[29.5, 45.75]	17818.0	['Kuwait']	['kuwait', 'kw', 'state of kuwait', 'dawlat al-kuwait']
Kyrgyzstan	KGZ	['996']	['KG', 'Киргизия', 'Kyrgyz Republic', 'Кыргыз Республикасы', 'Kyrgyz Respublikasy']	Asia	6047800	[41.0, 75.0]	199951.0	['Kyrgyzstan']	['kyrgyzstan', 'kg', 'киргизия', 'kyrgyz republic', 'кыргыз республикасы', 'kyrgyz respublikasy']
Lao People's Democratic Republic	LAO	['856']	"['LA', 'Lao', 'Laos', ""Lao People's Democratic Republic"", 'Sathalanalat Paxathipatai Paxaxon Lao']"	Asia	6492400	[18.0, 105.0]	236800.0	"[""Lao People's Democratic Republic""]"	"[""lao people's democratic republic"", 'la', 'lao', 'laos', ""lao people's democratic republic"", 'sathalanalat paxathipatai paxaxon lao']"
Latvia	LVA	['371']	['LV', 'Republic of Latvia', 'Latvijas Republika']	Europe	1961600	[57.0, 25.0]	64559.0	['Latvia']	['latvia', 'lv', 'republic of latvia', 'latvijas republika']
Lebanon	LBN	['961']	['LB', 'Lebanese Republic', 'Al-Jumhūrīyah Al-Libnānīyah']	Asia	5988000	[33.83333333, 35.83333333]	10452.0	['Lebanon']	['lebanon', 'lb', 'lebanese republic', 'al-jumhūrīyah al-libnānīyah']
Lesotho	LSO	['266']	['LS', 'Kingdom of Lesotho', 'Muso oa Lesotho']	Africa	1894194	[-29.5, 28.5]	30355.0	['Lesotho']	['lesotho', 'ls', 'kingdom of lesotho', 'muso oa lesotho']
Liberia	LBR	['231']	['LR', 'Republic of Liberia']	Africa	4615000	[6.5, -9.5]	111369.0	['Liberia']	['liberia', 'lr', 'republic of liberia']
Libya	LBY	['218']	['LY', 'State of Libya', 'Dawlat Libya']	Africa	6385000	[25.0, 17.0]	1759540.0	['Libya']	['libya', 'ly', 'state of libya', 'dawlat libya']
Liechtenstein	LIE	['423']	['LI', 'Principality of Liechtenstein', 'Fürstentum Liechtenstein']	Europe	37623	[47.26666666, 9.53333333]	160.0	['Liechtenstein']	['liechtenstein', 'li', 'principality of liechtenstein', 'fürstentum liechtenstein']
Lithuania	LTU	['370']	['LT', 'Republic of Lithuania', 'Lietuvos Respublika']	Europe	2872294	[56.0, 24.0]	65300.0	['Lithuania']	['lithuania', 'lt', 'republic of lithuania', 'lietuvos respublika']
Luxembourg	LUX	['352']	['LU', 'Grand Duchy of Luxembourg', 'Grand-Duché de Luxembourg', 'Großherzogtum Luxemburg', 'Groussherzogtum Lëtzebuerg']	Europe	576200	[49.75, 6.16666666]	2586.0	['Luxembourg']	['luxembourg', 'lu', 'grand duchy of luxembourg', 'grand-duché de luxembourg', 'großherzogtum luxemburg', 'groussherzogtum lëtzebuerg']
Macao	MAC	['853']	"['MO', '澳门', ""Macao Special Administrative Region of the People's Republic of China"", '中華人民共和國澳門特別行政區', 'Região Administrativa Especial de Macau da República Popular da China']"	Asia	649100	[22.16666666, 113.55]	30.0	['Macao']	"['macao', 'mo', '澳门', ""macao special administrative region of the people's republic of china"", '中華人民共和國澳門特別行政區', 'região administrativa especial de macau da república popular da china']"
Macedonia (the former Yugoslav Republic of)	MKD	['389']	['MK', 'Republic of Macedonia', 'Република Македонија']	Europe	2058539	[41.83333333, 22.0]	25713.0	['Macedonia (the former Yugoslav Republic of)']	['macedonia (the former yugoslav republic of)', 'mk', 'republic of macedonia', 'република македонија']
Madagascar	MDG	['261']	"['MG', 'Republic of Madagascar', ""Repoblikan'i Madagasikara"", 'République de Madagascar']"	Africa	22434363	[-20.0, 47.0]	587041.0	['Madagascar']	"['madagascar', 'mg', 'republic of madagascar', ""repoblikan'i madagasikara"", 'république de madagascar']"
Malawi	MWI	['265']	['MW', 'Republic of Malawi']	Africa	16832910	[-13.5, 34.0]	118484.0	['Malawi']	['malawi', 'mw', 'republic of malawi']
Malaysia	MYS	['60']	['MY']	Asia	31405416	[2.5, 112.5]	330803.0	['Malaysia']	['malaysia', 'my']
Maldives	MDV	['960']	['MV', 'Maldive Islands', 'Republic of the Maldives', 'Dhivehi Raajjeyge Jumhooriyya']	Asia	344023	[3.25, 73.0]	300.0	['Maldives']	['maldives', 'mv', 'maldive islands', 'republic of the maldives', 'dhivehi raajjeyge jumhooriyya']
Mali	MLI	['223']	['ML', 'Republic of Mali', 'République du Mali']	Africa	18135000	[17.0, -4.0]	1240192.0	['Mali']	['mali', 'ml', 'republic of mali', 'république du mali']
Malta	MLT	['356']	"['MT', 'Republic of Malta', ""Repubblika ta' Malta""]"	Europe	425384	[35.83333333, 14.58333333]	316.0	['Malta']	"['malta', 'mt', 'republic of malta', ""repubblika ta' malta""]"
Marshall Islands	MHL	['692']	['MH', 'Republic of the Marshall Islands', 'Aolepān Aorōkin M̧ajeļ']	Oceania	54880	[9.0, 168.0]	181.0	['Marshall Islands']	['marshall islands', 'mh', 'republic of the marshall islands', 'aolepān aorōkin m̧ajeļ']
Martinique	MTQ	['596']	['MQ']	Americas	378243	[14.666667, -61.0]		['Martinique']	['martinique', 'mq']
Mauritania	MRT	['222']	['MR', 'Islamic Republic of Mauritania', 'al-Jumhūriyyah al-ʾIslāmiyyah al-Mūrītāniyyah']	Africa	3718678	[20.0, -12.0]	1030700.0	['Mauritania']	['mauritania', 'mr', 'islamic republic of mauritania', 'al-jumhūriyyah al-ʾislāmiyyah al-mūrītāniyyah']
Mauritius	MUS	['230']	['MU', 'Republic of Mauritius', 'République de Maurice']	Africa	1262879	[-20.28333333, 57.55]	2040.0	['Mauritius']	['mauritius', 'mu', 'republic of mauritius', 'république de maurice']
Mayotte	MYT	['262']	['YT', 'Department of Mayotte', 'Département de Mayotte']	Africa	226915	[-12.83333333, 45.16666666]		['Mayotte']	['mayotte', 'yt', 'department of mayotte', 'département de mayotte']
Mexico	MEX	['52']	['MX', 'Mexicanos', 'United Mexican States', 'Estados Unidos Mexicanos']	Americas	122273473	[23.0, -102.0]	1964375.0	['Mexico']	['mexico', 'mx', 'mexicanos', 'united mexican states', 'estados unidos mexicanos']
Micronesia (Federated States of)	FSM	['691']	['FM', 'Federated States of Micronesia']	Oceania	102800	[6.91666666, 158.25]	702.0	['Micronesia (Federated States of)']	['micronesia (federated states of)', 'fm', 'federated states of micronesia']
Moldova (Republic of)	MDA	['373']	['MD', 'Republic of Moldova', 'Republica Moldova']	Europe	3553100	[47.0, 29.0]	33846.0	['Moldova (Republic of)']	['moldova (republic of)', 'md', 'republic of moldova', 'republica moldova']
Monaco	MCO	['377']	['MC', 'Principality of Monaco', 'Principauté de Monaco']	Europe	38400	[43.73333333, 7.4]	2.02	['Monaco']	['monaco', 'mc', 'principality of monaco', 'principauté de monaco']
Mongolia	MNG	['976']	['MN']	Asia	3093100	[46.0, 105.0]	1564110.0	['Mongolia']	['mongolia', 'mn']
Montenegro	MNE	['382']	['ME', 'Crna Gora']	Europe	621810	[42.5, 19.3]	13812.0	['Montenegro']	['montenegro', 'me', 'crna gora']
Montserrat	MSR	['1664']	['MS']	Americas	4922	[16.75, -62.2]	102.0	['Montserrat']	['montserrat', 'ms']
Morocco	MAR	['212']	['MA', 'Kingdom of Morocco', 'Al-Mamlakah al-Maġribiyah']	Africa	33337529	[32.0, -5.0]	446550.0	['Morocco']	['morocco', 'ma', 'kingdom of morocco', 'al-mamlakah al-maġribiyah']
Mozambique	MOZ	['258']	['MZ', 'Republic of Mozambique', 'República de Moçambique']	Africa	26423700	[-18.25, 35.0]	801590.0	['Mozambique']	['mozambique', 'mz', 'republic of mozambique', 'república de moçambique']
Myanmar	MMR	['95']	['MM', 'Burma', 'Republic of the Union of Myanmar', 'Pyidaunzu Thanmăda Myăma Nainngandaw']	Asia	51419420	[22.0, 98.0]	676578.0	['Myanmar']	['myanmar', 'mm', 'burma', 'republic of the union of myanmar', 'pyidaunzu thanmăda myăma nainngandaw']
Namibia	NAM	['264']	['NA', 'Namibië', 'Republic of Namibia']	Africa	2324388	[-22.0, 17.0]	825615.0	['Namibia']	['namibia', 'na', 'namibië', 'republic of namibia']
Nauru	NRU	['674']	['NR', 'Naoero', 'Pleasant Island', 'Republic of Nauru', 'Ripublik Naoero']	Oceania	10084	[-0.53333333, 166.91666666]	21.0	['Nauru']	['nauru', 'nr', 'naoero', 'pleasant island', 'republic of nauru', 'ripublik naoero']
Nepal	NPL	['977']	['NP', 'Federal Democratic Republic of Nepal', 'Loktāntrik Ganatantra Nepāl']	Asia	28431500	[28.0, 84.0]	147181.0	['Nepal']	['nepal', 'np', 'federal democratic republic of nepal', 'loktāntrik ganatantra nepāl']
Netherlands	NLD	['31']	['NL', 'Holland', 'Nederland']	Europe	17019800	[52.5, 5.75]	41850.0	['Netherlands']	['netherlands', 'nl', 'holland', 'nederland']
New Caledonia	NCL	['687']	['NC']	Oceania	268767	[-21.5, 165.5]	18575.0	['New Caledonia']	['new caledonia', 'nc']
New Zealand	NZL	['64']	['NZ', 'Aotearoa']	Oceania	4697854	[-41.0, 174.0]	270467.0	['New Zealand']	['new zealand', 'nz', 'aotearoa']
Nicaragua	NIC	['505']	['NI', 'Republic of Nicaragua', 'República de Nicaragua']	Americas	6262703	[13.0, -85.0]	130373.0	['Nicaragua']	['nicaragua', 'ni', 'republic of nicaragua', 'república de nicaragua']
Niger	NER	['227']	['NE', 'Nijar', 'Republic of Niger', 'République du Niger']	Africa	20715000	[16.0, 8.0]	1267000.0	['Niger']	['niger', 'ne', 'nijar', 'republic of niger', 'république du niger']
Nigeria	NGA	['234']	['NG', 'Nijeriya', 'Naíjíríà', 'Federal Republic of Nigeria']	Africa	186988000	[10.0, 8.0]	923768.0	['Nigeria']	['nigeria', 'ng', 'nijeriya', 'naíjíríà', 'federal republic of nigeria']
Niue	NIU	['683']	['NU']	Oceania	1470	[-19.03333333, -169.86666666]	260.0	['Niue']	['niue', 'nu']
Norfolk Island	NFK	['672']	"['NF', 'Territory of Norfolk Island', ""Teratri of Norf'k Ailen""]"	Oceania	2302	[-29.03333333, 167.95]	36.0	['Norfolk Island']	"['norfolk island', 'nf', 'territory of norfolk island', ""teratri of norf'k ailen""]"
Korea (Democratic People's Republic of)	PRK	['850']	"['KP', ""Democratic People's Republic of Korea"", '조선민주주의인민공화국', 'Chosŏn Minjujuŭi Inmin Konghwaguk']"	Asia	25281000	[40.0, 127.0]	120538.0	"[""Korea (Democratic People's Republic of)""]"	"[""korea (democratic people's republic of)"", 'kp', ""democratic people's republic of korea"", '조선민주주의인민공화국', 'chosŏn minjujuŭi inmin konghwaguk']"
Northern Mariana Islands	MNP	['1670']	['MP', 'Commonwealth of the Northern Mariana Islands', 'Sankattan Siha Na Islas Mariånas']	Oceania	56940	[15.2, 145.75]	464.0	['Northern Mariana Islands']	['northern mariana islands', 'mp', 'commonwealth of the northern mariana islands', 'sankattan siha na islas mariånas']
Norway	NOR	['47']	['NO', 'Norge', 'Noreg', 'Kingdom of Norway', 'Kongeriket Norge', 'Kongeriket Noreg']	Europe	5223256	[62.0, 10.0]	323802.0	['Norway']	['norway', 'no', 'norge', 'noreg', 'kingdom of norway', 'kongeriket norge', 'kongeriket noreg']
Oman	OMN	['968']	['OM', 'Sultanate of Oman', 'Salṭanat ʻUmān']	Asia	4420133	[21.0, 57.0]	309500.0	['Oman']	['oman', 'om', 'sultanate of oman', 'salṭanat ʻumān']
Pakistan	PAK	['92']	"['PK', 'Pākistān', 'Islamic Republic of Pakistan', ""Islāmī Jumhūriya'eh Pākistān""]"	Asia	194125062	[30.0, 70.0]	881912.0	['Pakistan']	"['pakistan', 'pk', 'pākistān', 'islamic republic of pakistan', ""islāmī jumhūriya'eh pākistān""]"
Palau	PLW	['680']	['PW', 'Republic of Palau', 'Beluu er a Belau']	Oceania	17950	[7.5, 134.5]	459.0	['Palau']	['palau', 'pw', 'republic of palau', 'beluu er a belau']
Palestine, State of	PSE	['970']	['PS', 'State of Palestine', 'Dawlat Filasṭin']	Asia	4682467	[31.9, 35.2]		['Palestine, State of']	['palestine, state of', 'ps', 'state of palestine', 'dawlat filasṭin']
Panama	PAN	['507']	['PA', 'Republic of Panama', 'República de Panamá']	Americas	3814672	[9.0, -80.0]	75417.0	['Panama']	['panama', 'pa', 'republic of panama', 'república de panamá']
Papua New Guinea	PNG	['675']	['PG', 'Independent State of Papua New Guinea', 'Independen Stet bilong Papua Niugini']	Oceania	8083700	[-6.0, 147.0]	462840.0	['Papua New Guinea']	['papua new guinea', 'pg', 'independent state of papua new guinea', 'independen stet bilong papua niugini']
Paraguay	PRY	['595']	['PY', 'Republic of Paraguay', 'República del Paraguay', 'Tetã Paraguái']	Americas	6854536	[-23.0, -58.0]	406752.0	['Paraguay']	['paraguay', 'py', 'republic of paraguay', 'república del paraguay', 'tetã paraguái']
Peru	PER	['51']	['PE', 'Republic of Peru', ' República del Perú']	Americas	31488700	[-10.0, -76.0]	1285216.0	['Peru']	['peru', 'pe', 'republic of peru', ' república del perú']
Philippines	PHL	['63']	['PH', 'Republic of the Philippines', 'Repúblika ng Pilipinas']	Asia	103279800	[13.0, 122.0]	342353.0	['Philippines']	['philippines', 'ph', 'republic of the philippines', 'repúblika ng pilipinas']
Pitcairn	PCN	['64']	['PN', 'Pitcairn Henderson Ducie and Oeno Islands']	Oceania	56	[-25.06666666, -130.1]	47.0	['Pitcairn']	['pitcairn', 'pn', 'pitcairn henderson ducie and oeno islands']
Poland	POL	['48']	['PL', 'Republic of Poland', 'Rzeczpospolita Polska']	Europe	38437239	[52.0, 20.0]	312679.0	['Poland']	['poland', 'pl', 'republic of poland', 'rzeczpospolita polska']
Portugal	PRT	['351']	['PT', 'Portuguesa', 'Portuguese Republic', 'República Portuguesa']	Europe	10374822	[39.5, -8.0]	92090.0	['Portugal']	['portugal', 'pt', 'portuguesa', 'portuguese republic', 'república portuguesa']
Puerto Rico	PRI	['1787', '1939']	['PR', 'Commonwealth of Puerto Rico', 'Estado Libre Asociado de Puerto Rico']	Americas	3474182	[18.25, -66.5]	8870.0	['Puerto Rico']	['puerto rico', 'pr', 'commonwealth of puerto rico', 'estado libre asociado de puerto rico']
Qatar	QAT	['974']	['QA', 'State of Qatar', 'Dawlat Qaṭar']	Asia	2587564	[25.5, 51.25]	11586.0	['Qatar']	['qatar', 'qa', 'state of qatar', 'dawlat qaṭar']
Republic of Kosovo	KOS	['383']	['XK', 'Република Косово']	Europe	1733842	[42.666667, 21.166667]	10908.0	['Republic of Kosovo']	['republic of kosovo', 'xk', 'република косово']
Réunion	REU	['262']	['RE', 'Reunion']	Africa	840974	[-21.15, 55.5]		['Réunion']	['réunion', 're', 'reunion']
Romania	ROU	['40']	['RO', 'Rumania', 'Roumania', 'România']	Europe	19861408	[46.0, 25.0]	238391.0	['Romania']	['romania', 'ro', 'rumania', 'roumania', 'românia']
Russian Federation	RUS	['7']	['RU', 'Rossiya', 'Russian Federation', 'Российская Федерация', 'Rossiyskaya Federatsiya']	Europe	146599183	[60.0, 100.0]	17124442.0	['Russian Federation']	['russian federation', 'ru', 'rossiya', 'russian federation', 'российская федерация', 'rossiyskaya federatsiya']
Rwanda	RWA	['250']	"['RW', 'Republic of Rwanda', ""Repubulika y'u Rwanda"", 'République du Rwanda']"	Africa	11553188	[-2.0, 30.0]	26338.0	['Rwanda']	"['rwanda', 'rw', 'republic of rwanda', ""repubulika y'u rwanda"", 'république du rwanda']"
Saint Barthélemy	BLM	['590']	['BL', 'St. Barthelemy', 'Collectivity of Saint Barthélemy', 'Collectivité de Saint-Barthélemy']	Americas	9417	[18.5, -63.41666666]	21.0	['Saint Barthélemy']	['saint barthélemy', 'bl', 'st. barthelemy', 'collectivity of saint barthélemy', 'collectivité de saint-barthélemy']
Saint Helena, Ascension and Tristan da Cunha	SHN	['290']	['SH']	Africa	4255	[-15.95, -5.7]		['Saint Helena, Ascension and Tristan da Cunha']	['saint helena, ascension and tristan da cunha', 'sh']
Saint Kitts and Nevis	KNA	['1869']	['KN', 'Federation of Saint Christopher and Nevis']	Americas	46204	[17.33333333, -62.75]	261.0	['Saint Kitts and Nevis']	['saint kitts and nevis', 'kn', 'federation of saint christopher and nevis']
Saint Lucia	LCA	['1758']	['LC']	Americas	186000	[13.88333333, -60.96666666]	616.0	['Saint Lucia']	['saint lucia', 'lc']
Saint Martin (French part)	MAF	['590']	['MF', 'Collectivity of Saint Martin', 'Collectivité de Saint-Martin']	Americas	36979	[18.08333333, -63.95]	53.0	['Saint Martin (French part)']	['saint martin (french part)', 'mf', 'collectivity of saint martin', 'collectivité de saint-martin']
Saint Pierre and Miquelon	SPM	['508']	['PM', 'Collectivité territoriale de Saint-Pierre-et-Miquelon']	Americas	6069	[46.83333333, -56.33333333]	242.0	['Saint Pierre and Miquelon']	['saint pierre and miquelon', 'pm', 'collectivité territoriale de saint-pierre-et-miquelon']
Saint Vincent and the Grenadines	VCT	['1784']	['VC']	Americas	109991	[13.25, -61.2]	389.0	['Saint Vincent and the Grenadines']	['saint vincent and the grenadines', 'vc']
Samoa	WSM	['685']	['WS', 'Independent State of Samoa', 'Malo Saʻoloto Tutoʻatasi o Sāmoa']	Oceania	194899	[-13.58333333, -172.33333333]	2842.0	['Samoa']	['samoa', 'ws', 'independent state of samoa', 'malo saʻoloto tutoʻatasi o sāmoa']
San Marino	SMR	['378']	['SM', 'Republic of San Marino', 'Repubblica di San Marino']	Europe	33005	[43.76666666, 12.41666666]	61.0	['San Marino']	['san marino', 'sm', 'republic of san marino', 'repubblica di san marino']
Sao Tome and Principe	STP	['239']	['ST', 'Democratic Republic of São Tomé and Príncipe', 'República Democrática de São Tomé e Príncipe']	Africa	187356	[1.0, 7.0]	964.0	['Sao Tome and Principe']	['sao tome and principe', 'st', 'democratic republic of são tomé and príncipe', 'república democrática de são tomé e príncipe']
Saudi Arabia	SAU	['966']	['SA', 'Kingdom of Saudi Arabia', 'Al-Mamlakah al-‘Arabiyyah as-Su‘ūdiyyah']	Asia	32248200	[25.0, 45.0]	2149690.0	['Saudi Arabia']	['saudi arabia', 'sa', 'kingdom of saudi arabia', 'al-mamlakah al-‘arabiyyah as-su‘ūdiyyah']
Senegal	SEN	['221']	['SN', 'Republic of Senegal', 'République du Sénégal']	Africa	14799859	[14.0, -14.0]	196722.0	['Senegal']	['senegal', 'sn', 'republic of senegal', 'république du sénégal']
Serbia	SRB	['381']	['RS', 'Srbija', 'Republic of Serbia', 'Република Србија', 'Republika Srbija']	Europe	7076372	[44.0, 21.0]	88361.0	['Serbia']	['serbia', 'rs', 'srbija', 'republic of serbia', 'република србија', 'republika srbija']
Seychelles	SYC	['248']	['SC', 'Republic of Seychelles', 'Repiblik Sesel', 'République des Seychelles']	Africa	91400	[-4.58333333, 55.66666666]	452.0	['Seychelles']	['seychelles', 'sc', 'republic of seychelles', 'repiblik sesel', 'république des seychelles']
Sierra Leone	SLE	['232']	['SL', 'Republic of Sierra Leone']	Africa	7075641	[8.5, -11.5]	71740.0	['Sierra Leone']	['sierra leone', 'sl', 'republic of sierra leone']
Singapore	SGP	['65']	['SG', 'Singapura', 'Republik Singapura', '新加坡共和国']	Asia	5535000	[1.36666666, 103.8]	710.0	['Singapore']	['singapore', 'sg', 'singapura', 'republik singapura', '新加坡共和国']
Sint Maarten (Dutch part)	SXM	['1721']	['SX']	Americas	38247	[18.033333, -63.05]	34.0	['Sint Maarten (Dutch part)']	['sint maarten (dutch part)', 'sx']
Slovakia	SVK	['421']	['SK', 'Slovak Republic', 'Slovenská republika']	Europe	5426252	[48.66666666, 19.5]	49037.0	['Slovakia']	['slovakia', 'sk', 'slovak republic', 'slovenská republika']
Slovenia	SVN	['386']	['SI', 'Republic of Slovenia', 'Republika Slovenija']	Europe	2064188	[46.11666666, 14.81666666]	20273.0	['Slovenia']	['slovenia', 'si', 'republic of slovenia', 'republika slovenija']
Solomon Islands	SLB	['677']	['SB']	Oceania	642000	[-8.0, 159.0]	28896.0	['Solomon Islands']	['solomon islands', 'sb']
Somalia	SOM	['252']	['SO', 'aṣ-Ṣūmāl', 'Federal Republic of Somalia', 'Jamhuuriyadda Federaalka Soomaaliya', 'Jumhūriyyat aṣ-Ṣūmāl al-Fiderāliyya']	Africa	11079000	[10.0, 49.0]	637657.0	['Somalia']	['somalia', 'so', 'aṣ-ṣūmāl', 'federal republic of somalia', 'jamhuuriyadda federaalka soomaaliya', 'jumhūriyyat aṣ-ṣūmāl al-fiderāliyya']
South Africa	ZAF	['27']	['ZA', 'RSA', 'Suid-Afrika', 'Republic of South Africa']	Africa	55653654	[-29.0, 24.0]	1221037.0	['South Africa']	['south africa', 'za', 'rsa', 'suid-afrika', 'republic of south africa']
South Georgia and the South Sandwich Islands	SGS	['500']	['GS', 'South Georgia and the South Sandwich Islands']	Americas	30	[-54.5, -37.0]		['South Georgia and the South Sandwich Islands']	['south georgia and the south sandwich islands', 'gs', 'south georgia and the south sandwich islands']
Korea (Republic of)	KOR	['82']	['KR', 'Republic of Korea']	Asia	50801405	[37.0, 127.5]	100210.0	['Korea (Republic of)']	['korea (republic of)', 'kr', 'republic of korea']
South Sudan	SSD	['211']	['SS']	Africa	12131000	[7.0, 30.0]	619745.0	['South Sudan']	['south sudan', 'ss']
Spain	ESP	['34']	['ES', 'Kingdom of Spain', 'Reino de España']	Europe	46438422	[40.0, -4.0]	505992.0	['Spain']	['spain', 'es', 'kingdom of spain', 'reino de españa']
Sri Lanka	LKA	['94']	['LK', 'ilaṅkai', 'Democratic Socialist Republic of Sri Lanka']	Asia	20966000	[7.0, 81.0]	65610.0	['Sri Lanka']	['sri lanka', 'lk', 'ilaṅkai', 'democratic socialist republic of sri lanka']
Sudan	SDN	['249']	['SD', 'Republic of the Sudan', 'Jumhūrīyat as-Sūdān']	Africa	39598700	[15.0, 30.0]	1886068.0	['Sudan']	['sudan', 'sd', 'republic of the sudan', 'jumhūrīyat as-sūdān']
Suriname	SUR	['597']	['SR', 'Sarnam', 'Sranangron', 'Republic of Suriname', 'Republiek Suriname']	Americas	541638	[4.0, -56.0]	163820.0	['Suriname']	['suriname', 'sr', 'sarnam', 'sranangron', 'republic of suriname', 'republiek suriname']
Svalbard and Jan Mayen	SJM	['4779']	['SJ', 'Svalbard and Jan Mayen Islands']	Europe	2562	[78.0, 20.0]		['Svalbard and Jan Mayen']	['svalbard and jan mayen', 'sj', 'svalbard and jan mayen islands']
Swaziland	SWZ	['268']	['SZ', 'weSwatini', 'Swatini', 'Ngwane', 'Kingdom of Swaziland', 'Umbuso waseSwatini']	Africa	1132657	[-26.5, 31.5]	17364.0	['Swaziland']	['swaziland', 'sz', 'weswatini', 'swatini', 'ngwane', 'kingdom of swaziland', 'umbuso waseswatini']
Sweden	SWE	['46']	['SE', 'Kingdom of Sweden', 'Konungariket Sverige']	Europe	9894888	[62.0, 15.0]	450295.0	['Sweden']	['sweden', 'se', 'kingdom of sweden', 'konungariket sverige']
Switzerland	CHE	['41']	['CH', 'Swiss Confederation', 'Schweiz', 'Suisse', 'Svizzera', 'Svizra']	Europe	8341600	[47.0, 8.0]	41284.0	['Switzerland']	['switzerland', 'ch', 'swiss confederation', 'schweiz', 'suisse', 'svizzera', 'svizra']
Syrian Arab Republic	SYR	['963']	['SY', 'Syrian Arab Republic', 'Al-Jumhūrīyah Al-ʻArabīyah As-Sūrīyah']	Asia	18564000	[35.0, 38.0]	185180.0	['Syrian Arab Republic']	['syrian arab republic', 'sy', 'syrian arab republic', 'al-jumhūrīyah al-ʻarabīyah as-sūrīyah']
Taiwan	TWN	['886']	['TW', 'Táiwān', 'Republic of China', '中華民國', 'Zhōnghuá Mínguó']	Asia	23503349	[23.5, 121.0]	36193.0	['Taiwan']	['taiwan', 'tw', 'táiwān', 'republic of china', '中華民國', 'zhōnghuá mínguó']
Tajikistan	TJK	['992']	['TJ', 'Toçikiston', 'Republic of Tajikistan', 'Ҷумҳурии Тоҷикистон', 'Çumhuriyi Toçikiston']	Asia	8593600	[39.0, 71.0]	143100.0	['Tajikistan']	['tajikistan', 'tj', 'toçikiston', 'republic of tajikistan', 'ҷумҳурии тоҷикистон', 'çumhuriyi toçikiston']
Tanzania, United Republic of	TZA	['255']	['TZ', 'United Republic of Tanzania', 'Jamhuri ya Muungano wa Tanzania']	Africa	55155000	[-6.0, 35.0]	945087.0	['Tanzania, United Republic of']	['tanzania, united republic of', 'tz', 'united republic of tanzania', 'jamhuri ya muungano wa tanzania']
Thailand	THA	['66']	['TH', 'Prathet', 'Thai', 'Kingdom of Thailand', 'ราชอาณาจักรไทย', 'Ratcha Anachak Thai']	Asia	65327652	[15.0, 100.0]	513120.0	['Thailand']	['thailand', 'th', 'prathet', 'thai', 'kingdom of thailand', 'ราชอาณาจักรไทย', 'ratcha anachak thai']
Timor-Leste	TLS	['670']	['TL', 'East Timor', 'Democratic Republic of Timor-Leste', 'República Democrática de Timor-Leste', 'Repúblika Demokrátika Timór-Leste']	Asia	1167242	[-8.83333333, 125.91666666]	14874.0	['Timor-Leste']	['timor-leste', 'tl', 'east timor', 'democratic republic of timor-leste', 'república democrática de timor-leste', 'repúblika demokrátika timór-leste']
Togo	TGO	['228']	['TG', 'Togolese', 'Togolese Republic', 'République Togolaise']	Africa	7143000	[8.0, 1.16666666]	56785.0	['Togo']	['togo', 'tg', 'togolese', 'togolese republic', 'république togolaise']
Tokelau	TKL	['690']	['TK']	Oceania	1411	[-9.0, -172.0]	12.0	['Tokelau']	['tokelau', 'tk']
Tonga	TON	['676']	['TO']	Oceania	103252	[-20.0, -175.0]	747.0	['Tonga']	['tonga', 'to']
Trinidad and Tobago	TTO	['1868']	['TT', 'Republic of Trinidad and Tobago']	Americas	1349667	[11.0, -61.0]	5130.0	['Trinidad and Tobago']	['trinidad and tobago', 'tt', 'republic of trinidad and tobago']
Tunisia	TUN	['216']	['TN', 'Republic of Tunisia', 'al-Jumhūriyyah at-Tūnisiyyah']	Africa	11154400	[34.0, 9.0]	163610.0	['Tunisia']	['tunisia', 'tn', 'republic of tunisia', 'al-jumhūriyyah at-tūnisiyyah']
Turkey	TUR	['90']	['TR', 'Turkiye', 'Republic of Turkey', 'Türkiye Cumhuriyeti']	Asia	78741053	[39.0, 35.0]	783562.0	['Turkey']	['turkey', 'tr', 'turkiye', 'republic of turkey', 'türkiye cumhuriyeti']
Turkmenistan	TKM	['993']	['TM']	Asia	4751120	[40.0, 60.0]	488100.0	['Turkmenistan']	['turkmenistan', 'tm']
Turks and Caicos Islands	TCA	['1649']	['TC']	Americas	31458	[21.75, -71.58333333]	948.0	['Turks and Caicos Islands']	['turks and caicos islands', 'tc']
Tuvalu	TUV	['688']	['TV']	Oceania	10640	[-8.0, 178.0]	26.0	['Tuvalu']	['tuvalu', 'tv']
Uganda	UGA	['256']	['UG', 'Republic of Uganda', 'Jamhuri ya Uganda']	Africa	33860700	[1.0, 32.0]	241550.0	['Uganda']	['uganda', 'ug', 'republic of uganda', 'jamhuri ya uganda']
Ukraine	UKR	['380']	['UA', 'Ukrayina']	Europe	42692393	[49.0, 32.0]	603700.0	['Ukraine']	['ukraine', 'ua', 'ukrayina']
United Arab Emirates	ARE	['971']	['AE', 'UAE']	Asia	9856000	[24.0, 54.0]	83600.0	['United Arab Emirates']	['united arab emirates', 'ae', 'uae']
United Kingdom of Great Britain and Northern Ireland	GBR	['44']	['GB', 'UK', 'Great Britain']	Europe	65110000	[54.0, -2.0]	242900.0	['United Kingdom of Great Britain and Northern Ireland']	['united kingdom of great britain and northern ireland', 'gb', 'uk', 'great britain']
United States of America	USA	['1']	['US', 'USA', 'United States of America']	Americas	323947000	[38.0, -97.0]	9629091.0	['United States of America']	['united states of america', 'us', 'usa', 'united states of america']
Uruguay	URY	['598']	['UY', 'Oriental Republic of Uruguay', 'República Oriental del Uruguay']	Americas	3480222	[-33.0, -56.0]	181034.0	['Uruguay']	['uruguay', 'uy', 'oriental republic of uruguay', 'república oriental del uruguay']
Uzbekistan	UZB	['998']	['UZ', 'Republic of Uzbekistan', 'O‘zbekiston Respublikasi', 'Ўзбекистон Республикаси']	Asia	31576400	[41.0, 64.0]	447400.0	['Uzbekistan']	['uzbekistan', 'uz', 'republic of uzbekistan', 'o‘zbekiston respublikasi', 'ўзбекистон республикаси']
Vanuatu	VUT	['678']	['VU', 'Republic of Vanuatu', 'Ripablik blong Vanuatu', 'République de Vanuatu']	Oceania	277500	[-16.0, 167.0]	12189.0	['Vanuatu']	['vanuatu', 'vu', 'republic of vanuatu', 'ripablik blong vanuatu', 'république de vanuatu']
Venezuela (Bolivarian Republic of)	VEN	['58']	['VE', 'Bolivarian Republic of Venezuela', 'República Bolivariana de Venezuela']	Americas	31028700	[8.0, -66.0]	916445.0	['Venezuela (Bolivarian Republic of)']	['venezuela (bolivarian republic of)', 've', 'bolivarian republic of venezuela', 'república bolivariana de venezuela']
Viet Nam	VNM	['84']	['VN', 'Socialist Republic of Vietnam', 'Cộng hòa Xã hội chủ nghĩa Việt Nam']	Asia	92700000	[16.16666666, 107.83333333]	331212.0	['Viet Nam']	['viet nam', 'vn', 'socialist republic of vietnam', 'cộng hòa xã hội chủ nghĩa việt nam']
Wallis and Futuna	WLF	['681']	['WF', 'Territory of the Wallis and Futuna Islands', 'Territoire des îles Wallis et Futuna']	Oceania	11750	[-13.3, -176.2]	142.0	['Wallis and Futuna']	['wallis and futuna', 'wf', 'territory of the wallis and futuna islands', 'territoire des îles wallis et futuna']
Western Sahara	ESH	['212']	['EH', 'Taneẓroft Tutrimt']	Africa	510713	[24.5, -13.0]	266000.0	['Western Sahara']	['western sahara', 'eh', 'taneẓroft tutrimt']
Yemen	YEM	['967']	['YE', 'Yemeni Republic', 'al-Jumhūriyyah al-Yamaniyyah']	Asia	27478000	[15.0, 48.0]	527968.0	['Yemen']	['yemen', 'ye', 'yemeni republic', 'al-jumhūriyyah al-yamaniyyah']
Zambia	ZMB	['260']	['ZM', 'Republic of Zambia']	Africa	15933883	[-15.0, 30.0]	752612.0	['Zambia']	['zambia', 'zm', 'republic of zambia']
Zimbabwe	ZWE	['263']	['ZW', 'Republic of Zimbabwe']	Africa	14240168	[-20.0, 30.0]	390757.0	['Zimbabwe']	['zimbabwe', 'zw', 'republic of zimbabwe']
